日期,代码,名称,收盘,涨跌幅%,成交量,战法信号,买入信号强度,操作建议
2026-01-06,002284,亚太股份,16.06,6.78,419867,量增价涨,90%,健康拉升：主力推高，理想加仓/持有点。
2026-01-06,603806,福斯特,14.3,2.36,253338,量增价涨,90%,健康拉升：主力推高，理想加仓/持有点。
2026-01-06,600446,金证股份,17.02,6.04,596369,量增价涨,90%,健康拉升：主力推高，理想加仓/持有点。
2026-01-06,600710,苏美达,10.95,1.67,142631,量增价涨,90%,健康拉升：主力推高，理想加仓/持有点。
2026-01-06,002697,红旗连锁,6.02,1.52,963894,量增价涨,90%,健康拉升：主力推高，理想加仓/持有点。
2026-01-06,000050,深天马Ａ,9.46,3.96,497313,量增价涨,90%,健康拉升：主力推高，理想加仓/持有点。
2026-01-06,002187,广百股份,7.7,4.05,692527,量增价涨,90%,健康拉升：主力推高，理想加仓/持有点。
2026-01-06,000737,北方铜业,16.01,2.96,1201026,量增价涨,90%,健康拉升：主力推高，理想加仓/持有点。
2026-01-06,601898,中煤能源,13.0,4.0,444455,量增价涨,90%,健康拉升：主力推高，理想加仓/持有点。
2026-01-06,000301,东方盛虹,10.89,1.78,331723,量增价涨,90%,健康拉升：主力推高，理想加仓/持有点。
2026-01-06,002539,云图控股,12.5,4.6,363750,量增价涨,90%,健康拉升：主力推高，理想加仓/持有点。
2026-01-06,603399,永杉锂业,11.38,6.06,565269,量增价涨,90%,健康拉升：主力推高，理想加仓/持有点。
2026-01-06,600603,广汇物流,6.5,3.17,205788,量增价涨,90%,健康拉升：主力推高，理想加仓/持有点。
2026-01-06,605228,神通科技,16.67,10.03,235058,量增价涨,90%,健康拉升：主力推高，理想加仓/持有点。
2026-01-06,600643,爱建集团,5.65,2.91,262883,量增价涨,90%,健康拉升：主力推高，理想加仓/持有点。
2026-01-06,002795,永和智控,6.85,9.95,487959,量增价涨,90%,健康拉升：主力推高，理想加仓/持有点。
2026-01-06,600218,全柴动力,10.53,1.74,166960,量增价涨,90%,健康拉升：主力推高，理想加仓/持有点。
2026-01-06,000553,安道麦A,5.71,2.33,98468,量增价涨,90%,健康拉升：主力推高，理想加仓/持有点。
2026-01-06,002588,史丹利,10.12,2.22,114470,量增价涨,90%,健康拉升：主力推高，理想加仓/持有点。
2026-01-06,000862,银星能源,6.0,1.69,188895,量增价涨,90%,健康拉升：主力推高，理想加仓/持有点。
2026-01-06,000410,沈阳机床,7.4,1.93,372040,量增价涨,90%,健康拉升：主力推高，理想加仓/持有点。
2026-01-06,002561,徐家汇,8.95,1.82,158263,量增价涨,90%,健康拉升：主力推高，理想加仓/持有点。
2026-01-06,600733,北汽蓝谷,8.29,2.98,2117322,量增价涨,90%,健康拉升：主力推高，理想加仓/持有点。
2026-01-06,600967,内蒙一机,17.5,1.92,691015,量增价涨,90%,健康拉升：主力推高，理想加仓/持有点。
2026-01-06,002078,太阳纸业,15.9,2.65,315037,量增价涨,90%,健康拉升：主力推高，理想加仓/持有点。
2026-01-06,600497,驰宏锌锗,7.8,4.98,1945695,量增价涨,90%,健康拉升：主力推高，理想加仓/持有点。
2026-01-06,600278,东方创业,7.77,1.97,95096,量增价涨,90%,健康拉升：主力推高，理想加仓/持有点。
2026-01-06,600372,中航机载,14.16,4.73,1439164,量增价涨,90%,健康拉升：主力推高，理想加仓/持有点。
2026-01-06,002378,章源钨业,15.0,3.88,739432,量增价涨,90%,健康拉升：主力推高，理想加仓/持有点。
2026-01-06,002648,卫星化学,18.52,4.28,926442,量增价涨,90%,健康拉升：主力推高，理想加仓/持有点。
2026-01-06,600640,国脉文化,13.06,2.27,99748,量增价涨,90%,健康拉升：主力推高，理想加仓/持有点。
2026-01-06,002251,步步高,5.5,2.8,1827919,量增价涨,90%,健康拉升：主力推高，理想加仓/持有点。
2026-01-06,603599,广信股份,11.97,3.46,140980,量增价涨,90%,健康拉升：主力推高，理想加仓/持有点。
2026-01-06,603985,恒润股份,15.56,1.9,98669,量增价涨,90%,健康拉升：主力推高，理想加仓/持有点。
2026-01-06,002319,乐通股份,13.09,6.16,137617,量增价涨,90%,健康拉升：主力推高，理想加仓/持有点。
2026-01-06,000828,东莞控股,11.05,2.5,110622,量增价涨,90%,健康拉升：主力推高，理想加仓/持有点。
2026-01-06,000902,新洋丰,16.06,2.36,113474,量增价涨,90%,健康拉升：主力推高，理想加仓/持有点。
2026-01-06,601238,广汽集团,8.56,4.52,1056434,量增价涨,90%,健康拉升：主力推高，理想加仓/持有点。
2026-01-06,600610,中毅达,10.39,2.57,307067,量增价涨,90%,健康拉升：主力推高，理想加仓/持有点。
2026-01-06,002254,泰和新材,11.21,1.72,694393,量增价涨,90%,健康拉升：主力推高，理想加仓/持有点。
2026-01-06,601878,浙商证券,11.23,2.37,777018,量增价涨,90%,健康拉升：主力推高，理想加仓/持有点。
2026-01-06,002386,天原股份,5.65,3.86,365686,量增价涨,90%,健康拉升：主力推高，理想加仓/持有点。
2026-01-06,601377,兴业证券,7.77,4.16,3266425,量增价涨,90%,健康拉升：主力推高，理想加仓/持有点。
2026-01-06,600095,湘财股份,11.91,5.49,951223,量增价涨,90%,健康拉升：主力推高，理想加仓/持有点。
2026-01-06,600064,南京高科,8.9,1.83,295851,量增价涨,90%,健康拉升：主力推高，理想加仓/持有点。
2026-01-06,002442,龙星科技,6.33,1.77,124805,量增价涨,90%,健康拉升：主力推高，理想加仓/持有点。
2026-01-06,002405,四维图新,10.09,6.55,2019046,量增价涨,90%,健康拉升：主力推高，理想加仓/持有点。
2026-01-06,002516,旷达科技,6.68,1.67,235214,量增价涨,90%,健康拉升：主力推高，理想加仓/持有点。
2026-01-06,002469,三维化学,8.61,1.89,160484,量增价涨,90%,健康拉升：主力推高，理想加仓/持有点。
2026-01-06,002465,海格通信,19.06,9.98,4130851,量增价涨,90%,健康拉升：主力推高，理想加仓/持有点。
2026-01-06,600210,紫江企业,7.6,2.29,333043,量增价涨,90%,健康拉升：主力推高，理想加仓/持有点。
2026-01-06,600739,辽宁成大,12.27,7.16,530548,量增价涨,90%,健康拉升：主力推高，理想加仓/持有点。
2026-01-06,002986,宇新股份,11.54,6.85,134366,量增价涨,90%,健康拉升：主力推高，理想加仓/持有点。
2026-01-06,600869,远东股份,9.03,9.99,1391247,量增价涨,90%,健康拉升：主力推高，理想加仓/持有点。
2026-01-06,002342,巨力索具,9.28,7.04,2524338,量增价涨,90%,健康拉升：主力推高，理想加仓/持有点。
2026-01-06,000952,广济药业,7.97,3.1,886652,量增价涨,90%,健康拉升：主力推高，理想加仓/持有点。
2026-01-06,002909,集泰股份,7.07,2.17,358468,量增价涨,90%,健康拉升：主力推高，理想加仓/持有点。
2026-01-06,000731,四川美丰,6.71,1.82,80415,量增价涨,90%,健康拉升：主力推高，理想加仓/持有点。
2026-01-06,002387,维信诺,8.98,2.63,324007,量增价涨,90%,健康拉升：主力推高，理想加仓/持有点。
2026-01-06,600207,安彩高科,5.2,2.36,185921,量增价涨,90%,健康拉升：主力推高，理想加仓/持有点。
2026-01-06,003042,中农联合,16.31,2.13,39914,量增价涨,90%,健康拉升：主力推高，理想加仓/持有点。
2026-01-06,600623,华谊集团,8.28,5.88,290373,量增价涨,90%,健康拉升：主力推高，理想加仓/持有点。
2026-01-06,600960,渤海汽车,5.73,4.37,557945,量增价涨,90%,健康拉升：主力推高，理想加仓/持有点。
2026-01-06,000695,滨海能源,14.16,10.02,405908,量增价涨,90%,健康拉升：主力推高，理想加仓/持有点。
2026-01-06,605555,德昌股份,19.45,2.91,202784,量增价涨,90%,健康拉升：主力推高，理想加仓/持有点。
2026-01-06,600727,鲁北化工,7.11,3.19,122726,量增价涨,90%,健康拉升：主力推高，理想加仓/持有点。
2026-01-06,002623,亚玛顿,18.4,1.71,42850,量增价涨,90%,健康拉升：主力推高，理想加仓/持有点。
2026-01-06,601083,锦江航运,11.43,2.33,108856,量增价涨,90%,健康拉升：主力推高，理想加仓/持有点。
2026-01-06,601901,方正证券,8.08,2.67,1500688,量增价涨,90%,健康拉升：主力推高，理想加仓/持有点。
2026-01-06,600523,贵航股份,16.05,2.16,143847,量增价涨,90%,健康拉升：主力推高，理想加仓/持有点。
2026-01-06,000830,鲁西化工,17.64,7.63,415088,量增价涨,90%,健康拉升：主力推高，理想加仓/持有点。
2026-01-06,001376,百通能源,17.95,5.28,273350,量增价涨,90%,健康拉升：主力推高，理想加仓/持有点。
2026-01-06,600676,交运股份,6.07,2.19,190410,量增价涨,90%,健康拉升：主力推高，理想加仓/持有点。
2026-01-06,002667,威领股份,14.02,6.13,240580,量增价涨,90%,健康拉升：主力推高，理想加仓/持有点。
2026-01-06,603871,嘉友国际,14.09,2.1,118810,量增价涨,90%,健康拉升：主力推高，理想加仓/持有点。
2026-01-06,002712,思美传媒,5.82,2.28,282976,量增价涨,90%,健康拉升：主力推高，理想加仓/持有点。
2026-01-06,002531,天顺风能,7.07,1.87,274797,量增价涨,90%,健康拉升：主力推高，理想加仓/持有点。
2026-01-06,002092,中泰化学,5.42,9.94,1067691,量增价涨,90%,健康拉升：主力推高，理想加仓/持有点。
2026-01-06,600722,金牛化工,6.49,7.45,424511,量增价涨,90%,健康拉升：主力推高，理想加仓/持有点。
2026-01-06,000803,山高环能,7.83,4.12,386080,量增价涨,90%,健康拉升：主力推高，理想加仓/持有点。
2026-01-06,002766,索菱股份,7.33,10.06,1698120,量增价涨,90%,健康拉升：主力推高，理想加仓/持有点。
2026-01-06,603977,国泰集团,14.31,3.4,336929,量增价涨,90%,健康拉升：主力推高，理想加仓/持有点。
2026-01-06,000719,中原传媒,12.18,2.1,117454,量增价涨,90%,健康拉升：主力推高，理想加仓/持有点。
2026-01-06,002532,天山铝业,18.22,7.75,735921,量增价涨,90%,健康拉升：主力推高，理想加仓/持有点。
2026-01-06,601198,东兴证券,14.34,2.28,736971,量增价涨,90%,健康拉升：主力推高，理想加仓/持有点。
2026-01-06,002137,实益达,8.74,1.63,155617,量增价涨,90%,健康拉升：主力推高，理想加仓/持有点。
2026-01-06,603132,金徽股份,14.95,1.98,63034,量增价涨,90%,健康拉升：主力推高，理想加仓/持有点。
2026-01-06,600470,六国化工,6.28,4.49,252918,量增价涨,90%,健康拉升：主力推高，理想加仓/持有点。
2026-01-06,002125,湘潭电化,14.51,1.68,226199,量增价涨,90%,健康拉升：主力推高，理想加仓/持有点。
2026-01-06,603316,诚邦股份,15.61,5.12,180737,量增价涨,90%,健康拉升：主力推高，理想加仓/持有点。
2026-01-06,600550,保变电气,11.06,1.94,1114537,量增价涨,90%,健康拉升：主力推高，理想加仓/持有点。
2026-01-06,002160,常铝股份,5.79,10.08,1006391,量增价涨,90%,健康拉升：主力推高，理想加仓/持有点。
2026-01-06,000555,神州信息,17.47,3.07,680411,量增价涨,90%,健康拉升：主力推高，理想加仓/持有点。
2026-01-06,002582,好想你,11.76,3.16,335200,量增价涨,90%,健康拉升：主力推高，理想加仓/持有点。
2026-01-06,000576,甘化科工,10.7,1.61,110878,量增价涨,90%,健康拉升：主力推高，理想加仓/持有点。
2026-01-06,603085,天成自控,12.15,2.27,244943,量增价涨,90%,健康拉升：主力推高，理想加仓/持有点。
2026-01-06,601886,江河集团,8.97,10.06,174081,量增价涨,90%,健康拉升：主力推高，理想加仓/持有点。
2026-01-06,600601,方正科技,12.6,2.52,2906434,量增价涨,90%,健康拉升：主力推高，理想加仓/持有点。
2026-01-06,605001,威奥股份,7.96,3.92,242251,量增价涨,90%,健康拉升：主力推高，理想加仓/持有点。
2026-01-06,002953,日丰股份,11.8,1.9,85556,量增价涨,90%,健康拉升：主力推高，理想加仓/持有点。
2026-01-06,000948,南天信息,18.71,4.06,225954,量增价涨,90%,健康拉升：主力推高，理想加仓/持有点。
2026-01-06,600078,澄星股份,10.99,10.01,430450,量增价涨,90%,健康拉升：主力推高，理想加仓/持有点。
2026-01-06,603103,横店影视,17.2,2.38,86125,量增价涨,90%,健康拉升：主力推高，理想加仓/持有点。
2026-01-06,000728,国元证券,8.76,3.79,975172,量增价涨,90%,健康拉升：主力推高，理想加仓/持有点。
2026-01-06,600999,招商证券,17.77,4.35,1412844,量增价涨,90%,健康拉升：主力推高，理想加仓/持有点。
2026-01-06,002585,双星新材,7.42,5.55,1041579,量增价涨,90%,健康拉升：主力推高，理想加仓/持有点。
2026-01-06,002731,萃华珠宝,12.87,1.58,135488,量增价涨,90%,健康拉升：主力推高，理想加仓/持有点。
2026-01-06,000925,众合科技,9.13,2.7,671510,量增价涨,90%,健康拉升：主力推高，理想加仓/持有点。
2026-01-06,601108,财通证券,9.05,2.96,1155009,量增价涨,90%,健康拉升：主力推高，理想加仓/持有点。
2026-01-06,600398,海澜之家,6.17,1.82,430361,量增价涨,90%,健康拉升：主力推高，理想加仓/持有点。
2026-01-06,600621,华鑫股份,15.88,2.92,309531,量增价涨,90%,健康拉升：主力推高，理想加仓/持有点。
2026-01-06,600409,三友化工,6.55,6.5,1043055,量增价涨,90%,健康拉升：主力推高，理想加仓/持有点。
2026-01-06,603155,新亚强,17.76,3.8,69843,量增价涨,90%,健康拉升：主力推高，理想加仓/持有点。
2026-01-06,001236,弘业期货,10.96,3.01,209459,量增价涨,90%,健康拉升：主力推高，理想加仓/持有点。
2026-01-06,002339,积成电子,9.34,2.64,429050,量增价涨,90%,健康拉升：主力推高，理想加仓/持有点。
2026-01-06,002774,快意电梯,11.23,9.99,243715,量增价涨,90%,健康拉升：主力推高，理想加仓/持有点。
2026-01-06,002182,宝武镁业,16.95,9.07,790750,量增价涨,90%,健康拉升：主力推高，理想加仓/持有点。
2026-01-06,002114,罗平锌电,8.7,2.96,195170,量增价涨,90%,健康拉升：主力推高，理想加仓/持有点。
2026-01-06,001217,华尔泰,13.78,5.19,278967,量增价涨,90%,健康拉升：主力推高，理想加仓/持有点。
2026-01-06,000990,诚志股份,8.08,2.41,218259,量增价涨,90%,健康拉升：主力推高，理想加仓/持有点。
2026-01-06,601956,东贝集团,7.27,1.68,158056,量增价涨,90%,健康拉升：主力推高，理想加仓/持有点。
2026-01-06,603505,金石资源,19.27,3.27,207592,量增价涨,90%,健康拉升：主力推高，理想加仓/持有点。
2026-01-06,601788,光大证券,18.22,2.42,702508,量增价涨,90%,健康拉升：主力推高，理想加仓/持有点。
2026-01-06,600513,联环药业,19.49,2.26,193127,量增价涨,90%,健康拉升：主力推高，理想加仓/持有点。
2026-01-06,600538,国发股份,6.2,1.97,104324,量增价涨,90%,健康拉升：主力推高，理想加仓/持有点。
2026-01-06,002373,千方科技,12.88,8.33,1127772,量增价涨,90%,健康拉升：主力推高，理想加仓/持有点。
2026-01-06,600889,南京化纤,18.45,7.27,212251,量增价涨,90%,健康拉升：主力推高，理想加仓/持有点。
2026-01-06,603959,百利科技,5.95,4.02,154703,量增价涨,90%,健康拉升：主力推高，理想加仓/持有点。
2026-01-06,000532,华金资本,16.33,2.32,171660,量增价涨,90%,健康拉升：主力推高，理想加仓/持有点。
2026-01-06,002064,华峰化学,11.34,3.0,614917,量增价涨,90%,健康拉升：主力推高，理想加仓/持有点。
2026-01-06,002215,诺 普 信,10.98,1.95,167371,量增价涨,90%,健康拉升：主力推高，理想加仓/持有点。
2026-01-06,603997,继峰股份,14.11,1.66,114211,量增价涨,90%,健康拉升：主力推高，理想加仓/持有点。
2026-01-06,002654,万润科技,15.08,3.57,760840,量增价涨,90%,健康拉升：主力推高，理想加仓/持有点。
2026-01-06,603161,科华控股,13.96,2.27,53681,量增价涨,90%,健康拉升：主力推高，理想加仓/持有点。
2026-01-06,600490,鹏欣资源,8.21,3.4,848860,量增价涨,90%,健康拉升：主力推高，理想加仓/持有点。
2026-01-06,601865,福莱特,16.45,2.17,219058,量增价涨,90%,健康拉升：主力推高，理想加仓/持有点。
2026-01-06,603101,汇嘉时代,10.28,5.01,235992,量增价涨,90%,健康拉升：主力推高，理想加仓/持有点。
2026-01-06,000559,万向钱潮,18.09,6.29,4198467,量增价涨,90%,健康拉升：主力推高，理想加仓/持有点。
2026-01-06,600958,东方证券,11.43,2.7,1481006,量增价涨,90%,健康拉升：主力推高，理想加仓/持有点。
2026-01-06,600399,抚顺特钢,6.19,5.99,1230578,量增价涨,90%,健康拉升：主力推高，理想加仓/持有点。
2026-01-06,002129,TCL中环,8.97,2.75,1030125,量增价涨,90%,健康拉升：主力推高，理想加仓/持有点。
2026-01-06,600596,新安股份,12.34,6.29,521088,量增价涨,90%,健康拉升：主力推高，理想加仓/持有点。
2026-01-06,600135,乐凯胶片,10.51,6.48,966323,量增价涨,90%,健康拉升：主力推高，理想加仓/持有点。
2026-01-06,603299,苏盐井神,10.66,2.7,89166,量增价涨,90%,健康拉升：主力推高，理想加仓/持有点。
2026-01-06,002918,蒙娜丽莎,14.92,3.61,112026,量增价涨,90%,健康拉升：主力推高，理想加仓/持有点。
2026-01-06,603876,鼎胜新材,16.05,6.72,603703,量增价涨,90%,健康拉升：主力推高，理想加仓/持有点。
2026-01-06,600846,同济科技,14.32,7.67,123740,量增价涨,90%,健康拉升：主力推高，理想加仓/持有点。
2026-01-06,000712,锦龙股份,12.61,3.45,291379,量增价涨,90%,健康拉升：主力推高，理想加仓/持有点。
2026-01-06,600773,西藏城投,13.16,4.86,267886,量增价涨,90%,健康拉升：主力推高，理想加仓/持有点。
2026-01-06,002357,富临运业,10.92,2.34,219326,量增价涨,90%,健康拉升：主力推高，理想加仓/持有点。
2026-01-06,600866,星湖科技,7.13,2.44,376730,量增价涨,90%,健康拉升：主力推高，理想加仓/持有点。
2026-01-06,605162,新中港,8.85,1.84,57843,量增价涨,90%,健康拉升：主力推高，理想加仓/持有点。
2026-01-06,601121,宝地矿业,7.62,2.7,186877,量增价涨,90%,健康拉升：主力推高，理想加仓/持有点。
2026-01-06,000655,金岭矿业,9.87,1.54,118649,量增价涨,90%,健康拉升：主力推高，理想加仓/持有点。
2026-01-06,002797,第一创业,7.16,2.58,1234110,量增价涨,90%,健康拉升：主力推高，理想加仓/持有点。
2026-01-06,605366,宏柏新材,6.44,3.54,151169,量增价涨,90%,健康拉升：主力推高，理想加仓/持有点。
2026-01-06,600620,天宸股份,7.16,9.98,205022,量增价涨,90%,健康拉升：主力推高，理想加仓/持有点。
2026-01-06,600390,五矿资本,5.81,3.57,793201,量增价涨,90%,健康拉升：主力推高，理想加仓/持有点。
2026-01-06,600618,氯碱化工,13.18,10.02,190143,量增价涨,90%,健康拉升：主力推高，理想加仓/持有点。
2026-01-06,603113,金能科技,6.26,1.95,136382,量增价涨,90%,健康拉升：主力推高，理想加仓/持有点。
2026-01-06,002091,江苏国泰,9.22,2.22,292347,量增价涨,90%,健康拉升：主力推高，理想加仓/持有点。
2026-01-06,603877,太平鸟,14.83,1.51,40733,量增价涨,90%,健康拉升：主力推高，理想加仓/持有点。
2026-01-06,600703,三安光电,14.86,3.34,1446972,量增价涨,90%,健康拉升：主力推高，理想加仓/持有点。
2026-01-06,002258,利尔化学,13.57,3.98,289463,量增价涨,90%,健康拉升：主力推高，理想加仓/持有点。
2026-01-06,002855,捷荣技术,16.88,1.75,49313,量增价涨,90%,健康拉升：主力推高，理想加仓/持有点。
2026-01-06,603577,汇金通,10.74,1.8,131070,量增价涨,90%,健康拉升：主力推高，理想加仓/持有点。
2026-01-06,600556,天下秀,7.01,4.94,3503725,量增价涨,90%,健康拉升：主力推高，理想加仓/持有点。
2026-01-06,601696,中银证券,15.67,2.08,1737093,量增价涨,90%,健康拉升：主力推高，理想加仓/持有点。
2026-01-06,600983,惠而浦,10.75,9.81,342569,量增价涨,90%,健康拉升：主力推高，理想加仓/持有点。
2026-01-06,600851,海欣股份,7.21,2.85,122184,量增价涨,90%,健康拉升：主力推高，理想加仓/持有点。
2026-01-06,600359,新农开发,7.28,2.25,113619,量增价涨,90%,健康拉升：主力推高，理想加仓/持有点。
2026-01-06,600731,湖南海利,6.99,2.19,75302,量增价涨,90%,健康拉升：主力推高，理想加仓/持有点。
2026-01-06,601136,首创证券,19.47,2.53,273853,量增价涨,90%,健康拉升：主力推高，理想加仓/持有点。
2026-01-06,600313,农发种业,6.53,1.56,423954,量增价涨,90%,健康拉升：主力推高，理想加仓/持有点。
2026-01-06,600271,航天信息,11.96,4.45,1688799,量增价涨,90%,健康拉升：主力推高，理想加仓/持有点。
2026-01-06,603105,芯能科技,9.44,1.61,115055,量增价涨,90%,健康拉升：主力推高，理想加仓/持有点。
2026-01-06,002355,兴民智通,6.7,10.02,565164,量增价涨,90%,健康拉升：主力推高，理想加仓/持有点。
2026-01-06,603885,吉祥航空,15.26,3.32,252098,量增价涨,90%,健康拉升：主力推高，理想加仓/持有点。
2026-01-06,601116,三江购物,14.51,3.87,310299,量增价涨,90%,健康拉升：主力推高，理想加仓/持有点。
2026-01-06,603023,威帝股份,5.63,9.96,724502,量增价涨,90%,健康拉升：主力推高，理想加仓/持有点。
2026-01-06,002165,红 宝 丽,7.94,3.93,641452,量增价涨,90%,健康拉升：主力推高，理想加仓/持有点。
2026-01-06,600818,中路股份,9.83,2.08,49823,量增价涨,90%,健康拉升：主力推高，理想加仓/持有点。
2026-01-06,603936,博敏电子,13.28,2.39,798089,量增价涨,90%,健康拉升：主力推高，理想加仓/持有点。
2026-01-06,002203,海亮股份,13.13,2.5,347286,量增价涨,90%,健康拉升：主力推高，理想加仓/持有点。
2026-01-06,002340,格林美,8.64,2.49,2418034,量增价涨,90%,健康拉升：主力推高，理想加仓/持有点。
2026-01-06,600075,新疆天业,5.47,10.06,722608,量增价涨,90%,健康拉升：主力推高，理想加仓/持有点。
2026-01-06,002453,华软科技,6.42,1.74,245648,量增价涨,90%,健康拉升：主力推高，理想加仓/持有点。
2026-01-06,000016,深康佳Ａ,5.14,1.98,513556,量增价涨,90%,健康拉升：主力推高，理想加仓/持有点。
2026-01-06,600338,西藏珠峰,15.93,3.85,790329,量增价涨,90%,健康拉升：主力推高，理想加仓/持有点。
2026-01-06,000949,新乡化纤,5.98,9.93,869655,量增价涨,90%,健康拉升：主力推高，理想加仓/持有点。
2026-01-06,600151,航天机电,19.71,2.07,3565556,量增价涨,90%,健康拉升：主力推高，理想加仓/持有点。
2026-01-06,000612,焦作万方,11.89,5.04,965936,量增价涨,90%,健康拉升：主力推高，理想加仓/持有点。
2026-01-06,601990,南京证券,8.2,2.5,546867,量增价涨,90%,健康拉升：主力推高，理想加仓/持有点。
2026-01-06,002926,华西证券,9.55,2.58,451469,量增价涨,90%,健康拉升：主力推高，理想加仓/持有点。
2026-01-06,000528,柳    工,12.33,2.66,581395,量增价涨,90%,健康拉升：主力推高，理想加仓/持有点。
2026-01-06,600295,鄂尔多斯,14.3,10.0,344013,量增价涨,90%,健康拉升：主力推高，理想加仓/持有点。
2026-01-06,603000,人民网,19.9,2.05,251166,量增价涨,90%,健康拉升：主力推高，理想加仓/持有点。
2026-01-06,600530,交大昂立,6.58,2.17,94067,量增价涨,90%,健康拉升：主力推高，理想加仓/持有点。
2026-01-06,603300,海南华铁,7.83,2.76,1455867,量增价涨,90%,健康拉升：主力推高，理想加仓/持有点。
2026-01-06,600918,中泰证券,6.75,2.12,650417,量增价涨,90%,健康拉升：主力推高，理想加仓/持有点。
2026-01-06,600901,江苏金租,6.31,2.6,395454,量增价涨,90%,健康拉升：主力推高，理想加仓/持有点。
2026-01-06,601566,九牧王,13.35,1.68,326759,量增价涨,90%,健康拉升：主力推高，理想加仓/持有点。
2026-01-06,002161,远 望 谷,7.68,2.26,193046,量增价涨,90%,健康拉升：主力推高，理想加仓/持有点。
2026-01-06,601600,中国铝业,13.97,7.3,5649240,量增价涨,90%,健康拉升：主力推高，理想加仓/持有点。
2026-01-06,600517,国网英大,6.27,1.95,464240,量增价涨,90%,健康拉升：主力推高，理想加仓/持有点。
2026-01-06,600104,上汽集团,15.54,1.83,682916,量增价涨,90%,健康拉升：主力推高，理想加仓/持有点。
2026-01-06,601236,红塔证券,8.53,2.4,336242,量增价涨,90%,健康拉升：主力推高，理想加仓/持有点。
2026-01-06,002786,银宝山新,8.85,1.96,103439,量增价涨,90%,健康拉升：主力推高，理想加仓/持有点。
2026-01-06,600955,维远股份,17.93,10.0,129534,量增价涨,90%,健康拉升：主力推高，理想加仓/持有点。
2026-01-06,603178,圣龙股份,19.27,1.53,70937,量增价涨,90%,健康拉升：主力推高，理想加仓/持有点。
2026-01-06,002579,中京电子,12.72,3.92,785554,量增价涨,90%,健康拉升：主力推高，理想加仓/持有点。
2026-01-06,603012,创力集团,6.63,9.95,692341,量增价涨,90%,健康拉升：主力推高，理想加仓/持有点。
2026-01-06,603680,今创集团,15.96,5.0,181219,量增价涨,90%,健康拉升：主力推高，理想加仓/持有点。
2026-01-06,002403,爱仕达,12.8,1.67,62407,量增价涨,90%,健康拉升：主力推高，理想加仓/持有点。
2026-01-06,603617,君禾股份,8.18,9.95,384193,量增价涨,90%,健康拉升：主力推高，理想加仓/持有点。
2026-01-06,000060,中金岭南,6.24,4.87,2507747,量增价涨,90%,健康拉升：主力推高，理想加仓/持有点。
2026-01-06,601012,隆基绿能,18.83,1.84,1479925,量增价涨,90%,健康拉升：主力推高，理想加仓/持有点。
2026-01-06,605599,菜百股份,17.61,3.47,137941,量增价涨,90%,健康拉升：主力推高，理想加仓/持有点。
2026-01-06,002225,濮耐股份,6.1,6.09,620866,量增价涨,90%,健康拉升：主力推高，理想加仓/持有点。
2026-01-06,002950,奥美医疗,11.58,1.94,116085,量增价涨,90%,健康拉升：主力推高，理想加仓/持有点。
2026-01-06,000686,东北证券,9.98,6.06,1462323,量增价涨,90%,健康拉升：主力推高，理想加仓/持有点。
2026-01-06,601068,中铝国际,5.98,9.93,503026,量增价涨,90%,健康拉升：主力推高，理想加仓/持有点。
2026-01-06,603679,华体科技,16.48,2.23,162051,量增价涨,90%,健康拉升：主力推高，理想加仓/持有点。
2026-01-06,002670,国盛证券,17.62,3.04,504518,量增价涨,90%,健康拉升：主力推高，理想加仓/持有点。
2026-01-06,600149,廊坊发展,5.19,3.59,124819,量增价涨,90%,健康拉升：主力推高，理想加仓/持有点。
2026-01-06,002333,罗普斯金,5.84,3.0,313603,量增价涨,90%,健康拉升：主力推高，理想加仓/持有点。
2026-01-06,002845,同兴达,14.79,3.14,127936,量增价涨,90%,健康拉升：主力推高，理想加仓/持有点。
2026-01-06,600765,中航重机,19.68,3.04,934887,量增价涨,90%,健康拉升：主力推高，理想加仓/持有点。
2026-01-06,600718,东软集团,10.5,3.04,403482,量增价涨,90%,健康拉升：主力推高，理想加仓/持有点。
2026-01-06,002488,金固股份,10.04,3.83,1242594,量增价涨,90%,健康拉升：主力推高，理想加仓/持有点。
2026-01-06,601059,信达证券,18.22,2.42,464958,量增价涨,90%,健康拉升：主力推高，理想加仓/持有点。
2026-01-06,000759,中百集团,7.85,2.61,795856,量增价涨,90%,健康拉升：主力推高，理想加仓/持有点。
2026-01-06,002572,索菲亚,13.85,1.69,160481,量增价涨,90%,健康拉升：主力推高，理想加仓/持有点。
2026-01-06,600822,上海物贸,10.87,1.68,48159,量增价涨,90%,健康拉升：主力推高，理想加仓/持有点。
2026-01-06,600641,万业企业,18.63,1.53,417468,量增价涨,90%,健康拉升：主力推高，理想加仓/持有点。
2026-01-06,002440,闰土股份,7.66,2.41,144991,量增价涨,90%,健康拉升：主力推高，理想加仓/持有点。
2026-01-06,002054,德美化工,7.68,1.59,136169,量增价涨,90%,健康拉升：主力推高，理想加仓/持有点。
2026-01-06,002057,中钢天源,10.44,1.56,141173,量增价涨,90%,健康拉升：主力推高，理想加仓/持有点。
2026-01-06,603477,巨星农牧,17.56,1.86,91601,量增价涨,90%,健康拉升：主力推高，理想加仓/持有点。
2026-01-06,002510,天汽模,7.33,1.95,734261,量增价涨,90%,健康拉升：主力推高，理想加仓/持有点。
2026-01-06,002522,浙江众成,5.86,2.81,781956,量增价涨,90%,健康拉升：主力推高，理想加仓/持有点。
2026-01-06,603162,海通发展,12.28,2.5,154729,量增价涨,90%,健康拉升：主力推高，理想加仓/持有点。
2026-01-05,000670,盈方微,7.73,4.74,394443,量增价涨,90%,健康拉升：主力推高，理想加仓/持有点。
2026-01-06,600805,悦达投资,5.55,1.83,170508,量增价涨,90%,健康拉升：主力推高，理想加仓/持有点。
2026-01-06,600909,华安证券,7.6,9.99,3962360,量增价涨,90%,健康拉升：主力推高，理想加仓/持有点。
2026-01-06,002736,国信证券,13.95,4.1,842655,量增价涨,90%,健康拉升：主力推高，理想加仓/持有点。
2026-01-06,600771,广誉远,18.48,1.99,85617,量增价涨,90%,健康拉升：主力推高，理想加仓/持有点。
2026-01-06,600505,西昌电力,13.48,1.58,114096,量增价涨,90%,健康拉升：主力推高，理想加仓/持有点。
2026-01-06,000617,中油资本,9.72,1.67,1437727,量增价涨,90%,健康拉升：主力推高，理想加仓/持有点。
2026-01-06,002677,浙江美大,8.66,2.85,227216,量增价涨,90%,健康拉升：主力推高，理想加仓/持有点。
2026-01-06,002167,东方锆业,13.1,3.31,395241,量增价涨,90%,健康拉升：主力推高，理想加仓/持有点。
2026-01-06,600810,神马股份,9.19,3.72,376748,量增价涨,90%,健康拉升：主力推高，理想加仓/持有点。
2026-01-06,002513,蓝丰生化,7.16,3.92,303180,量增价涨,90%,健康拉升：主力推高，理想加仓/持有点。
2026-01-06,603219,富佳股份,17.57,2.93,85241,量增价涨,90%,健康拉升：主力推高，理想加仓/持有点。
2026-01-06,600650,锦江在线,16.59,7.24,367485,量增价涨,90%,健康拉升：主力推高，理想加仓/持有点。
2026-01-06,002136,安 纳 达,12.87,4.98,322914,量增价涨,90%,健康拉升：主力推高，理想加仓/持有点。
2026-01-06,000519,中兵红箭,19.07,3.08,704035,量增价涨,90%,健康拉升：主力推高，理想加仓/持有点。
2026-01-06,603010,万盛股份,10.83,2.17,86844,量增价涨,90%,健康拉升：主力推高，理想加仓/持有点。
2026-01-06,600586,金晶科技,5.93,5.14,736410,量增价涨,90%,健康拉升：主力推高，理想加仓/持有点。
2026-01-06,000822,山东海化,5.44,3.62,187548,量增价涨,90%,健康拉升：主力推高，理想加仓/持有点。
2026-01-06,600864,哈投股份,6.94,3.27,650943,量增价涨,90%,健康拉升：主力推高，理想加仓/持有点。
2026-01-06,603697,有友食品,12.88,4.21,85906,量增价涨,90%,健康拉升：主力推高，理想加仓/持有点。
2026-01-06,002941,新疆交建,16.61,3.49,366623,量增价涨,90%,健康拉升：主力推高，理想加仓/持有点。
2026-01-06,600830,香溢融通,9.69,1.89,91482,量增价涨,90%,健康拉升：主力推高，理想加仓/持有点。
2026-01-06,002806,华锋股份,12.67,1.85,99278,量增价涨,90%,健康拉升：主力推高，理想加仓/持有点。
2026-01-06,600198,大唐电信,9.76,2.31,636526,量增价涨,90%,健康拉升：主力推高，理想加仓/持有点。
2026-01-06,002500,山西证券,6.25,2.63,611557,量增价涨,90%,健康拉升：主力推高，理想加仓/持有点。
2026-01-06,601766,中国中车,7.06,2.02,1282989,量增价涨,90%,健康拉升：主力推高，理想加仓/持有点。
2026-01-06,600328,中盐化工,8.55,3.89,328868,量增价涨,90%,健康拉升：主力推高，理想加仓/持有点。
2026-01-06,600746,江苏索普,7.17,3.31,99044,量增价涨,90%,健康拉升：主力推高，理想加仓/持有点。
2026-01-06,002413,雷科防务,15.19,9.99,1459948,量增价涨,90%,健康拉升：主力推高，理想加仓/持有点。
2026-01-06,601519,大智慧,14.77,9.98,1124828,量增价涨,90%,健康拉升：主力推高，理想加仓/持有点。
2026-01-06,002538,司尔特,6.61,1.85,184311,量增价涨,90%,健康拉升：主力推高，理想加仓/持有点。
2026-01-06,002842,翔鹭钨业,15.03,5.03,421838,量增价涨,90%,健康拉升：主力推高，理想加仓/持有点。
2026-01-06,600109,国金证券,9.7,2.97,789893,量增价涨,90%,健康拉升：主力推高，理想加仓/持有点。
2026-01-06,002617,露笑科技,8.29,1.97,813692,量增价涨,90%,健康拉升：主力推高，理想加仓/持有点。
2026-01-06,603966,法兰泰克,12.19,3.39,188549,量增价涨,90%,健康拉升：主力推高，理想加仓/持有点。
2026-01-06,601609,金田股份,11.06,2.41,443377,量增价涨,90%,健康拉升：主力推高，理想加仓/持有点。
2026-01-06,002632,道明光学,13.13,2.66,460045,量增价涨,90%,健康拉升：主力推高，理想加仓/持有点。
2026-01-06,600081,东风科技,11.97,2.13,44164,量增价涨,90%,健康拉升：主力推高，理想加仓/持有点。
2026-01-06,002250,联化科技,13.96,4.02,521464,量增价涨,90%,健康拉升：主力推高，理想加仓/持有点。
2026-01-06,600006,东风股份,7.31,1.53,244460,量增价涨,90%,健康拉升：主力推高，理想加仓/持有点。
2026-01-06,002546,新联电子,7.28,2.1,323825,量增价涨,90%,健康拉升：主力推高，理想加仓/持有点。
2026-01-06,000707,双环科技,6.23,2.13,103507,量增价涨,90%,健康拉升：主力推高，理想加仓/持有点。
2026-01-06,000928,中钢国际,6.64,3.27,413854,量增价涨,90%,健康拉升：主力推高，理想加仓/持有点。
2026-01-06,002068,黑猫股份,9.08,2.25,135710,量增价涨,90%,健康拉升：主力推高，理想加仓/持有点。
2026-01-06,600576,祥源文旅,6.39,1.59,264689,量增价涨,90%,健康拉升：主力推高，理想加仓/持有点。
2026-01-06,601133,柏诚股份,17.34,2.36,479718,量增价涨,90%,健康拉升：主力推高，理想加仓/持有点。
2026-01-06,000571,新大洲A,6.13,3.72,406726,量增价涨,90%,健康拉升：主力推高，理想加仓/持有点。
2026-01-06,601699,潞安环能,12.19,2.35,353742,量增价涨,90%,健康拉升：主力推高，理想加仓/持有点。
2026-01-06,002541,鸿路钢构,16.94,3.93,112361,量增价涨,90%,健康拉升：主力推高，理想加仓/持有点。
2026-01-06,600826,兰生股份,11.98,3.36,443159,量增价涨,90%,健康拉升：主力推高，理想加仓/持有点。
2026-01-06,002490,山东墨龙,7.28,1.82,1185758,量增价涨,90%,健康拉升：主力推高，理想加仓/持有点。
2026-01-06,600997,开滦股份,5.86,1.91,94947,量增价涨,90%,健康拉升：主力推高，理想加仓/持有点。
2026-01-06,603058,永吉股份,9.46,1.61,100508,量增价涨,90%,健康拉升：主力推高，理想加仓/持有点。
2026-01-06,002456,欧菲光,11.07,2.5,1106806,量增价涨,90%,健康拉升：主力推高，理想加仓/持有点。
2026-01-06,000951,中国重汽,17.17,1.72,177232,量增价涨,90%,健康拉升：主力推高，理想加仓/持有点。
2026-01-06,601881,中国银河,16.48,2.74,836292,量增价涨,90%,健康拉升：主力推高，理想加仓/持有点。
2026-01-06,600927,永安期货,16.26,1.56,134144,量增价涨,90%,健康拉升：主力推高，理想加仓/持有点。
2026-01-06,601958,金钼股份,16.75,5.02,484537,量增价涨,90%,健康拉升：主力推高，理想加仓/持有点。
2026-01-06,603035,常熟汽饰,16.19,3.32,184156,量增价涨,90%,健康拉升：主力推高，理想加仓/持有点。
2026-01-06,601226,华电科工,8.15,3.69,249156,量增价涨,90%,健康拉升：主力推高，理想加仓/持有点。
2026-01-06,603601,再升科技,13.53,4.16,2627887,量增价涨,90%,健康拉升：主力推高，理想加仓/持有点。
2026-01-06,002328,新朋股份,7.01,5.73,719780,量增价涨,90%,健康拉升：主力推高，理想加仓/持有点。
2026-01-06,000166,申万宏源,5.49,3.78,2325725,量增价涨,90%,健康拉升：主力推高，理想加仓/持有点。
2026-01-06,603810,丰山集团,16.77,3.33,59637,量增价涨,90%,健康拉升：主力推高，理想加仓/持有点。
2026-01-06,600828,茂业商业,5.9,2.25,683893,量增价涨,90%,健康拉升：主力推高，理想加仓/持有点。
2026-01-06,600589,大位科技,7.98,7.98,2929522,量增价涨,90%,健康拉升：主力推高，理想加仓/持有点。
2026-01-06,600694,大商股份,18.35,2.0,84298,量增价涨,90%,健康拉升：主力推高，理想加仓/持有点。
2026-01-06,600219,南山铝业,5.67,3.09,4324005,量增价涨,90%,健康拉升：主力推高，理想加仓/持有点。
2026-01-06,600667,太极实业,8.58,3.37,1346806,量增价涨,90%,健康拉升：主力推高，理想加仓/持有点。
2026-01-06,000973,佛塑科技,15.51,4.66,1038307,量增价涨,90%,健康拉升：主力推高，理想加仓/持有点。
2026-01-06,601218,吉鑫科技,5.19,2.17,368604,量增价涨,90%,健康拉升：主力推高，理想加仓/持有点。
2026-01-06,002029,七 匹 狼,11.77,6.71,767208,量增价涨,90%,健康拉升：主力推高，理想加仓/持有点。
2026-01-06,600188,兖矿能源,13.56,2.42,515695,量增价涨,90%,健康拉升：主力推高，理想加仓/持有点。
2026-01-06,000096,广聚能源,10.52,1.64,68048,量增价涨,90%,健康拉升：主力推高，理想加仓/持有点。
2026-01-06,002676,顺威股份,8.44,1.93,205968,量增价涨,90%,健康拉升：主力推高，理想加仓/持有点。
2026-01-06,000758,中色股份,6.89,3.61,907631,量增价涨,90%,健康拉升：主力推高，理想加仓/持有点。
2026-01-06,600829,人民同泰,11.29,2.64,260269,量增价涨,90%,健康拉升：主力推高，理想加仓/持有点。
2026-01-06,600281,华阳新材,6.1,2.52,170528,量增价涨,90%,健康拉升：主力推高，理想加仓/持有点。
2026-01-06,603291,联合水务,10.25,4.49,92964,量增价涨,90%,健康拉升：主力推高，理想加仓/持有点。
2026-01-06,002131,利欧股份,6.63,6.94,23606773,量增价涨,90%,健康拉升：主力推高，理想加仓/持有点。
2026-01-06,002052,同洲电子,13.26,2.24,231288,量增价涨,90%,健康拉升：主力推高，理想加仓/持有点。
2026-01-06,600367,红星发展,18.05,3.26,248334,量增价涨,90%,健康拉升：主力推高，理想加仓/持有点。
2026-01-06,600714,金瑞矿业,12.65,2.51,75840,量增价涨,90%,健康拉升：主力推高，理想加仓/持有点。
2026-01-06,002036,联创电子,12.31,10.01,1175928,量增价涨,90%,健康拉升：主力推高，理想加仓/持有点。
2026-01-06,000059,华锦股份,5.59,3.52,506351,量增价涨,90%,健康拉升：主力推高，理想加仓/持有点。
2026-01-06,600678,四川金顶,14.48,2.55,1012233,量增价涨,90%,健康拉升：主力推高，理想加仓/持有点。
2026-01-06,000510,新金路,13.34,9.98,740682,量增价涨,90%,健康拉升：主力推高，理想加仓/持有点。
2026-01-06,000020,深华发Ａ,14.75,4.17,70534,量增价涨,90%,健康拉升：主力推高，理想加仓/持有点。
2026-01-06,600776,东方通信,18.6,2.48,1227657,量增价涨,90%,健康拉升：主力推高，理想加仓/持有点。
2026-01-06,600651,飞乐音响,7.42,1.64,385487,量增价涨,90%,健康拉升：主力推高，理想加仓/持有点。
2026-01-06,600711,盛屯矿业,15.99,5.61,1862540,量增价涨,90%,健康拉升：主力推高，理想加仓/持有点。
2026-01-06,600732,爱旭股份,13.67,2.47,307940,量增价涨,90%,健康拉升：主力推高，理想加仓/持有点。
2026-01-06,601965,中国汽研,17.81,6.58,221916,量增价涨,90%,健康拉升：主力推高，理想加仓/持有点。
2026-01-06,603938,三孚股份,19.83,2.11,127027,量增价涨,90%,健康拉升：主力推高，理想加仓/持有点。
2026-01-06,600352,浙江龙盛,11.13,3.44,374066,量增价涨,90%,健康拉升：主力推高，理想加仓/持有点。
2026-01-06,600961,株冶集团,17.15,4.07,290215,量增价涨,90%,健康拉升：主力推高，理想加仓/持有点。
2026-01-06,605077,华康股份,15.41,3.7,47377,量增价涨,90%,健康拉升：主力推高，理想加仓/持有点。
2026-01-06,603901,永创智能,14.39,1.7,149335,量增价涨,90%,健康拉升：主力推高，理想加仓/持有点。
2026-01-06,002246,北化股份,20.0,5.71,365476,量增价涨,90%,健康拉升：主力推高，理想加仓/持有点。
2026-01-06,603823,百合花,15.7,1.55,90246,量增价涨,90%,健康拉升：主力推高，理想加仓/持有点。
2026-01-06,603739,蔚蓝生物,14.77,3.0,107616,量增价涨,90%,健康拉升：主力推高，理想加仓/持有点。
2026-01-06,002945,华林证券,17.84,9.99,751860,量增价涨,90%,健康拉升：主力推高，理想加仓/持有点。
2026-01-06,002858,力盛体育,15.56,1.9,89135,量增价涨,90%,健康拉升：主力推高，理想加仓/持有点。
2026-01-06,002459,晶澳科技,11.9,2.5,451172,量增价涨,90%,健康拉升：主力推高，理想加仓/持有点。
2026-01-06,605218,伟时电子,19.12,1.76,23419,量增价涨,90%,健康拉升：主力推高，理想加仓/持有点。
2026-01-06,603181,皇马科技,14.82,2.0,151674,量增价涨,90%,健康拉升：主力推高，理想加仓/持有点。
2026-01-06,603551,奥普科技,12.03,2.65,120431,量增价涨,90%,健康拉升：主力推高，理想加仓/持有点。
2026-01-06,600707,彩虹股份,7.05,9.98,1106456,量增价涨,90%,健康拉升：主力推高，理想加仓/持有点。
2026-01-06,601669,中国电建,5.33,1.72,1735427,量增价涨,90%,健康拉升：主力推高，理想加仓/持有点。
2026-01-06,002429,兆驰股份,7.53,1.76,1044431,量增价涨,90%,健康拉升：主力推高，理想加仓/持有点。
2026-01-06,002229,鸿博股份,16.1,1.96,316865,量增价涨,90%,健康拉升：主力推高，理想加仓/持有点。
2026-01-06,002277,友阿股份,7.14,2.29,294225,量增价涨,90%,健康拉升：主力推高，理想加仓/持有点。
2026-01-06,001239,永达股份,16.66,2.21,50640,量增价涨,90%,健康拉升：主力推高，理想加仓/持有点。
2026-01-06,002556,辉隆股份,6.09,1.84,152323,量增价涨,90%,健康拉升：主力推高，理想加仓/持有点。
2026-01-06,600061,国投资本,7.91,2.46,807628,量增价涨,90%,健康拉升：主力推高，理想加仓/持有点。
2026-01-06,000678,襄阳轴承,15.42,2.66,558481,量增价涨,90%,健康拉升：主力推高，理想加仓/持有点。
2026-01-06,000157,中联重科,8.83,1.61,1207857,量增价涨,90%,健康拉升：主力推高，理想加仓/持有点。
2026-01-06,600125,铁龙物流,6.54,1.71,192293,量增价涨,90%,健康拉升：主力推高，理想加仓/持有点。
2026-01-06,002782,可立克,18.69,1.91,93861,量增价涨,90%,健康拉升：主力推高，理想加仓/持有点。
2026-01-06,605050,福然德,13.81,3.14,124562,量增价涨,90%,健康拉升：主力推高，理想加仓/持有点。
2026-01-06,605399,晨光新材,14.11,3.14,117685,量增价涨,90%,健康拉升：主力推高，理想加仓/持有点。
2026-01-06,600318,新力金融,9.22,2.67,295197,量增价涨,90%,健康拉升：主力推高，理想加仓/持有点。
2026-01-06,601615,明阳智能,16.2,9.98,1205992,量增价涨,90%,健康拉升：主力推高，理想加仓/持有点。
2026-01-06,000422,湖北宜化,15.09,3.85,616391,量增价涨,90%,健康拉升：主力推高，理想加仓/持有点。
2026-01-06,603528,多伦科技,10.97,6.92,903025,量增价涨,90%,健康拉升：主力推高，理想加仓/持有点。
2026-01-06,000783,长江证券,8.85,6.76,2022682,量增价涨,90%,健康拉升：主力推高，理想加仓/持有点。
2026-01-06,002286,保龄宝,9.87,10.03,314231,量增价涨,90%,健康拉升：主力推高，理想加仓/持有点。
2026-01-06,601319,中国人保,9.8,3.92,1596512,量增价涨,90%,健康拉升：主力推高，理想加仓/持有点。
2026-01-06,600251,冠农股份,9.49,1.71,166421,量增价涨,90%,健康拉升：主力推高，理想加仓/持有点。
2026-01-06,000987,越秀资本,8.99,4.66,1554077,量增价涨,90%,健康拉升：主力推高，理想加仓/持有点。
2026-01-06,600375,汉马科技,6.15,2.67,482591,量增价涨,90%,健康拉升：主力推高，理想加仓/持有点。
2026-01-06,002226,江南化工,5.96,1.71,260916,量增价涨,90%,健康拉升：主力推高，理想加仓/持有点。
2026-01-06,600611,大众交通,6.07,9.96,1443759,量增价涨,90%,健康拉升：主力推高，理想加仓/持有点。
2026-01-06,600635,大众公用,6.75,2.9,1303419,量增价涨,90%,健康拉升：主力推高，理想加仓/持有点。
2026-01-06,600063,皖维高新,6.17,3.7,599788,量增价涨,90%,健康拉升：主力推高，理想加仓/持有点。
2026-01-06,002274,华昌化工,5.8,2.11,134769,量增价涨,90%,健康拉升：主力推高，理想加仓/持有点。
2026-01-06,601233,桐昆股份,18.19,7.89,598568,量增价涨,90%,健康拉升：主力推高，理想加仓/持有点。
2026-01-06,603703,盛洋科技,15.13,3.35,416004,量增价涨,90%,健康拉升：主力推高，理想加仓/持有点。
2026-01-06,600478,科力远,7.07,1.73,415595,量增价涨,90%,健康拉升：主力推高，理想加仓/持有点。
2026-01-06,002423,中粮资本,12.12,1.85,293896,量增价涨,90%,健康拉升：主力推高，理想加仓/持有点。
2026-01-06,000407,胜利股份,5.03,1.62,590682,量增价涨,90%,健康拉升：主力推高，理想加仓/持有点。
2026-01-06,603027,千禾味业,10.34,3.09,233624,量增价涨,90%,健康拉升：主力推高，理想加仓/持有点。
2026-01-06,601777,千里科技,11.41,7.64,797231,量增价涨,90%,健康拉升：主力推高，理想加仓/持有点。
2026-01-06,603776,永安行,18.27,1.78,42078,量增价涨,90%,健康拉升：主力推高，理想加仓/持有点。
2026-01-06,000066,中国长城,14.98,2.46,887595,量增价涨,90%,健康拉升：主力推高，理想加仓/持有点。
2026-01-06,002053,云南能投,11.84,2.16,75956,量增价涨,90%,健康拉升：主力推高，理想加仓/持有点。
2026-01-06,000037,深南电A,8.58,1.78,122311,量增价涨,90%,健康拉升：主力推高，理想加仓/持有点。
2026-01-06,601555,东吴证券,9.5,3.15,1129272,量增价涨,90%,健康拉升：主力推高，理想加仓/持有点。
2026-01-06,600679,上海凤凰,13.65,1.94,69640,量增价涨,90%,健康拉升：主力推高，理想加仓/持有点。
2026-01-06,002611,东方精工,19.51,2.36,1034567,量增价涨,90%,健康拉升：主力推高，理想加仓/持有点。
2026-01-06,600841,动力新科,6.27,3.13,169014,量增价涨,90%,健康拉升：主力推高，理想加仓/持有点。
2026-01-06,603730,岱美股份,8.74,1.51,259569,量增价涨,90%,健康拉升：主力推高，理想加仓/持有点。
2026-01-06,600819,耀皮玻璃,8.4,2.94,120105,量增价涨,90%,健康拉升：主力推高，理想加仓/持有点。
2026-01-06,603222,济民健康,9.76,3.17,254285,量增价涨,90%,健康拉升：主力推高，理想加仓/持有点。
2026-01-06,603218,日月股份,13.54,2.19,150458,量增价涨,90%,健康拉升：主力推高，理想加仓/持有点。
2026-01-06,001324,长青科技,18.5,1.54,26232,量增价涨,90%,健康拉升：主力推高，理想加仓/持有点。
2026-01-06,002996,顺博合金,7.85,3.15,207368,量增价涨,90%,健康拉升：主力推高，理想加仓/持有点。
2026-01-06,002673,西部证券,8.21,2.37,763838,量增价涨,90%,健康拉升：主力推高，理想加仓/持有点。
2026-01-06,002112,三变科技,14.16,4.19,320447,量增价涨,90%,健康拉升：主力推高，理想加仓/持有点。
2026-01-06,002939,长城证券,10.65,3.0,751875,量增价涨,90%,健康拉升：主力推高，理想加仓/持有点。
2026-01-06,002493,荣盛石化,11.98,3.54,1002161,量增价涨,90%,健康拉升：主力推高，理想加仓/持有点。
2026-01-06,002238,天威视讯,8.33,1.83,167487,量增价涨,90%,健康拉升：主力推高，理想加仓/持有点。
2026-01-06,002590,万安科技,15.82,4.49,399282,量增价涨,90%,健康拉升：主力推高，理想加仓/持有点。
2026-01-06,000700,模塑科技,15.03,4.01,1744656,量增价涨,90%,健康拉升：主力推高，理想加仓/持有点。
2026-01-06,601117,中国化学,7.75,2.65,918882,量增价涨,90%,健康拉升：主力推高，理想加仓/持有点。
2026-01-06,600587,新华医疗,16.17,2.08,713885,量增价涨,90%,健康拉升：主力推高，理想加仓/持有点。
2026-01-06,002629,仁智股份,7.22,4.79,209214,量增价涨,90%,健康拉升：主力推高，理想加仓/持有点。
2026-01-06,603055,台华新材,9.69,4.76,253421,量增价涨,90%,健康拉升：主力推高，理想加仓/持有点。
2026-01-06,600590,泰豪科技,9.58,1.91,328952,量增价涨,90%,健康拉升：主力推高，理想加仓/持有点。
2026-01-06,603305,旭升集团,16.91,3.11,951267,量增价涨,90%,健康拉升：主力推高，理想加仓/持有点。
2026-01-06,603116,红蜻蜓,6.37,2.74,297994,量增价涨,90%,健康拉升：主力推高，理想加仓/持有点。
2026-01-06,002312,川发龙蟒,11.54,2.94,514105,量增价涨,90%,健康拉升：主力推高，理想加仓/持有点。
2026-01-06,600906,财达证券,7.12,5.79,1062116,量增价涨,90%,健康拉升：主力推高，理想加仓/持有点。
2026-01-06,600888,新疆众和,8.48,1.92,459983,量增价涨,90%,健康拉升：主力推高，理想加仓/持有点。
2026-01-06,603106,恒银科技,10.91,2.63,234755,量增价涨,90%,健康拉升：主力推高，理想加仓/持有点。
2026-01-06,600178,东安动力,13.03,1.64,176517,量增价涨,90%,健康拉升：主力推高，理想加仓/持有点。
2026-01-06,000521,长虹美菱,6.68,1.52,160938,量增价涨,90%,健康拉升：主力推高，理想加仓/持有点。
2026-01-06,002140,东华科技,11.67,2.73,156581,量增价涨,90%,健康拉升：主力推高，理想加仓/持有点。
2026-01-06,603826,坤彩科技,17.5,1.8,42736,量增价涨,90%,健康拉升：主力推高，理想加仓/持有点。
2026-01-06,002083,孚日股份,14.06,7.41,1744199,量增价涨,90%,健康拉升：主力推高，理想加仓/持有点。
2026-01-06,600516,方大炭素,5.89,3.51,897114,量增价涨,90%,健康拉升：主力推高，理想加仓/持有点。
2026-01-06,000635,英 力 特,9.01,2.74,67844,量增价涨,90%,健康拉升：主力推高，理想加仓/持有点。
2026-01-06,002016,世荣兆业,5.88,1.91,179058,量增价涨,90%,健康拉升：主力推高，理想加仓/持有点。
2026-01-06,600273,嘉化能源,9.59,9.98,793360,量增价涨,90%,健康拉升：主力推高，理想加仓/持有点。
2026-01-06,000859,国风新材,11.31,1.62,2130801,量增价涨,90%,健康拉升：主力推高，理想加仓/持有点。
2026-01-06,600155,华创云信,6.91,3.29,570280,量增价涨,90%,健康拉升：主力推高，理想加仓/持有点。
2026-01-06,601608,中信重工,6.71,2.13,772435,量增价涨,90%,健康拉升：主力推高，理想加仓/持有点。
2026-01-06,600299,安迪苏,9.15,1.89,98476,量增价涨,90%,健康拉升：主力推高，理想加仓/持有点。
2026-01-06,600571,信雅达,16.06,1.77,133652,量增价涨,90%,健康拉升：主力推高，理想加仓/持有点。
2026-01-06,603170,宝立食品,14.87,4.42,61260,量增价涨,90%,健康拉升：主力推高，理想加仓/持有点。
2026-01-06,603336,宏辉果蔬,8.79,2.45,144241,量增价涨,90%,健康拉升：主力推高，理想加仓/持有点。
2026-01-06,002574,明牌珠宝,5.86,3.72,195963,量增价涨,90%,健康拉升：主力推高，理想加仓/持有点。
2026-01-06,002176,江特电机,10.17,2.62,898194,量增价涨,90%,健康拉升：主力推高，理想加仓/持有点。
2026-01-06,600858,银座股份,6.43,2.06,487099,量增价涨,90%,健康拉升：主力推高，理想加仓/持有点。
2026-01-06,600172,黄河旋风,5.95,2.06,531691,量增价涨,90%,健康拉升：主力推高，理想加仓/持有点。
2026-01-06,600838,上海九百,11.77,10.0,743393,量增价涨,90%,健康拉升：主力推高，理想加仓/持有点。
2026-01-06,002491,通鼎互联,6.16,2.33,829415,量增价涨,90%,健康拉升：主力推高，理想加仓/持有点。
2026-01-06,000632,三木集团,5.66,1.07,392758,低位量平价升,75%,洗盘结束：温和拉升信号，可试错观察。
2026-01-06,603565,中谷物流,10.17,1.19,189347,低位量平价升,75%,洗盘结束：温和拉升信号，可试错观察。
2026-01-06,600697,欧亚集团,13.35,0.83,96626,低位量平价升,75%,洗盘结束：温和拉升信号，可试错观察。
2026-01-06,002563,森马服饰,5.47,1.11,257704,低位量平价升,75%,洗盘结束：温和拉升信号，可试错观察。
2026-01-06,600483,福能股份,9.58,0.84,179353,低位量平价升,75%,洗盘结束：温和拉升信号，可试错观察。
2026-01-06,002820,桂发祥,12.13,0.92,85315,低位量平价升,75%,洗盘结束：温和拉升信号，可试错观察。
2026-01-06,600977,中国电影,15.65,1.62,517428,低位量平价升,75%,洗盘结束：温和拉升信号，可试错观察。
2026-01-06,603209,兴通股份,15.33,0.52,58217,低位量平价升,75%,洗盘结束：温和拉升信号，可试错观察。
2026-01-06,600249,两面针,5.89,1.03,108773,低位量平价升,75%,洗盘结束：温和拉升信号，可试错观察。
2026-01-06,600080,金花股份,7.65,0.79,66063,低位量平价升,75%,洗盘结束：温和拉升信号，可试错观察。
2026-01-06,002763,汇洁股份,7.39,1.51,184997,低位量平价升,75%,洗盘结束：温和拉升信号，可试错观察。
2026-01-06,002404,嘉欣丝绸,7.0,1.3,154556,低位量平价升,75%,洗盘结束：温和拉升信号，可试错观察。
2026-01-06,002398,垒知集团,5.75,0.52,296430,低位量平价升,75%,洗盘结束：温和拉升信号，可试错观察。
2026-01-06,002350,北京科锐,8.31,0.97,127833,低位量平价升,75%,洗盘结束：温和拉升信号，可试错观察。
2026-01-06,001330,博纳影业,7.59,1.07,922238,低位量平价升,75%,洗盘结束：温和拉升信号，可试错观察。
2026-01-06,600287,苏豪时尚,5.55,1.28,54662,低位量平价升,75%,洗盘结束：温和拉升信号，可试错观察。
2026-01-06,603567,珍宝岛,9.21,0.55,72483,低位量平价升,75%,洗盘结束：温和拉升信号，可试错观察。
2026-01-06,000582,北部湾港,9.44,0.85,416926,低位量平价升,75%,洗盘结束：温和拉升信号，可试错观察。
2026-01-06,002877,智能自控,9.35,0.54,113140,低位量平价升,75%,洗盘结束：温和拉升信号，可试错观察。
2026-01-06,600778,友好集团,6.68,0.6,186628,低位量平价升,75%,洗盘结束：温和拉升信号，可试错观察。
2026-01-06,002307,北新路桥,5.03,1.82,467107,低位量平价升,75%,洗盘结束：温和拉升信号，可试错观察。
2026-01-06,000911,广农糖业,7.46,1.08,56336,低位量平价升,75%,洗盘结束：温和拉升信号，可试错观察。
2026-01-06,600272,开开实业,14.03,0.57,64207,低位量平价升,75%,洗盘结束：温和拉升信号，可试错观察。
2026-01-06,002685,华东重机,7.61,0.93,264937,低位量平价升,75%,洗盘结束：温和拉升信号，可试错观察。
2026-01-06,603518,锦泓集团,9.91,0.71,80522,低位量平价升,75%,洗盘结束：温和拉升信号，可试错观察。
2026-01-06,603636,南威软件,12.15,1.0,202638,低位量平价升,75%,洗盘结束：温和拉升信号，可试错观察。
2026-01-06,600189,泉阳泉,6.98,0.58,83294,低位量平价升,75%,洗盘结束：温和拉升信号，可试错观察。
2026-01-06,001313,粤海饲料,7.46,0.67,112768,低位量平价升,75%,洗盘结束：温和拉升信号，可试错观察。
2026-01-06,002719,麦趣尔,8.53,0.59,90463,低位量平价升,75%,洗盘结束：温和拉升信号，可试错观察。
2026-01-06,600929,雪天盐业,5.65,0.89,140252,低位量平价升,75%,洗盘结束：温和拉升信号，可试错观察。
2026-01-06,603366,日出东方,9.73,1.04,208269,低位量平价升,75%,洗盘结束：温和拉升信号，可试错观察。
2026-01-06,603313,梦百合,9.13,1.78,103154,低位量平价升,75%,洗盘结束：温和拉升信号，可试错观察。
2026-01-06,002723,小崧股份,8.63,0.82,124133,低位量平价升,75%,洗盘结束：温和拉升信号，可试错观察。
2026-01-06,000753,漳州发展,7.92,0.64,367788,低位量平价升,75%,洗盘结束：温和拉升信号，可试错观察。
2026-01-06,600543,莫高股份,5.42,1.31,74281,低位量平价升,75%,洗盘结束：温和拉升信号，可试错观察。
2026-01-06,002515,金字火腿,6.27,1.13,282866,低位量平价升,75%,洗盘结束：温和拉升信号，可试错观察。
2026-01-06,600119,长江投资,7.92,0.64,40129,低位量平价升,75%,洗盘结束：温和拉升信号，可试错观察。
2026-01-06,600642,申能股份,7.88,0.64,226609,低位量平价升,75%,洗盘结束：温和拉升信号，可试错观察。
2026-01-06,002468,申通快递,13.6,0.52,176555,低位量平价升,75%,洗盘结束：温和拉升信号，可试错观察。
2026-01-06,600203,福日电子,13.54,1.2,375654,低位量平价升,75%,洗盘结束：温和拉升信号，可试错观察。
2026-01-06,000756,新华制药,15.93,0.7,163854,低位量平价升,75%,洗盘结束：温和拉升信号，可试错观察。
2026-01-06,000633,合金投资,7.4,1.37,133908,低位量平价升,75%,洗盘结束：温和拉升信号，可试错观察。
2026-01-06,002343,慈文传媒,7.27,0.83,156787,低位量平价升,75%,洗盘结束：温和拉升信号，可试错观察。
2026-01-06,000788,北大医药,6.47,1.25,398604,低位量平价升,75%,洗盘结束：温和拉升信号，可试错观察。
2026-01-06,601001,晋控煤业,13.59,1.27,223901,低位量平价升,75%,洗盘结束：温和拉升信号，可试错观察。
2026-01-06,603815,交建股份,7.61,0.53,186473,低位量平价升,75%,洗盘结束：温和拉升信号，可试错观察。
2026-01-06,605339,南侨食品,19.69,0.97,30978,低位量平价升,75%,洗盘结束：温和拉升信号，可试错观察。
2026-01-06,600282,南钢股份,5.3,1.53,464409,量缩价涨,40%,量价背离：跟风不足，主力诱多，注意见顶风险。
2026-01-06,000030,富奥股份,5.66,1.62,165600,量缩价涨,40%,量价背离：跟风不足，主力诱多，注意见顶风险。
2026-01-06,002177,御银股份,9.48,9.98,3220187,量缩价涨,40%,量价背离：跟风不足，主力诱多，注意见顶风险。
2026-01-06,000546,金圆股份,6.76,1.65,622769,量缩价涨,40%,量价背离：跟风不足，主力诱多，注意见顶风险。
2026-01-06,002462,嘉事堂,17.38,10.0,119612,量缩价涨,40%,量价背离：跟风不足，主力诱多，注意见顶风险。
2026-01-06,002530,金财互联,10.75,1.51,526230,量缩价涨,40%,量价背离：跟风不足，主力诱多，注意见顶风险。
2026-01-06,002471,中超控股,8.15,9.99,4603352,量缩价涨,40%,量价背离：跟风不足，主力诱多，注意见顶风险。
2026-01-06,002383,合众思壮,13.42,10.0,482422,量缩价涨,40%,量价背离：跟风不足，主力诱多，注意见顶风险。
2026-01-06,002292,奥飞娱乐,9.42,2.17,746635,量缩价涨,40%,量价背离：跟风不足，主力诱多，注意见顶风险。
2026-01-06,601808,中海油服,14.45,2.19,191532,量缩价涨,40%,量价背离：跟风不足，主力诱多，注意见顶风险。
2026-01-06,000026,飞亚达,16.7,1.83,186614,量缩价涨,40%,量价背离：跟风不足，主力诱多，注意见顶风险。
2026-01-06,002890,弘宇股份,14.82,1.79,18401,量缩价涨,40%,量价背离：跟风不足，主力诱多，注意见顶风险。
2026-01-06,002085,万丰奥威,16.53,1.54,491654,量缩价涨,40%,量价背离：跟风不足，主力诱多，注意见顶风险。
2026-01-06,000729,燕京啤酒,12.0,1.78,352240,量缩价涨,40%,量价背离：跟风不足，主力诱多，注意见顶风险。
2026-01-06,002324,普利特,19.35,10.01,271183,量缩价涨,40%,量价背离：跟风不足，主力诱多，注意见顶风险。
2026-01-06,000530,冰山冷热,7.25,1.54,500923,量缩价涨,40%,量价背离：跟风不足，主力诱多，注意见顶风险。
2026-01-06,600583,海油工程,5.66,1.8,554113,量缩价涨,40%,量价背离：跟风不足，主力诱多，注意见顶风险。
2026-01-06,002828,贝肯能源,11.07,3.26,287395,量缩价涨,40%,量价背离：跟风不足，主力诱多，注意见顶风险。
2026-01-06,601118,海南橡胶,5.76,2.67,905667,量缩价涨,40%,量价背离：跟风不足，主力诱多，注意见顶风险。
2026-01-06,600965,福成股份,6.01,1.52,281576,量缩价涨,40%,量价背离：跟风不足，主力诱多，注意见顶风险。
2026-01-06,002452,长高电新,8.6,2.14,216162,量缩价涨,40%,量价背离：跟风不足，主力诱多，注意见顶风险。
2026-01-06,600336,澳柯玛,8.19,3.02,264655,量缩价涨,40%,量价背离：跟风不足，主力诱多，注意见顶风险。
2026-01-06,600475,华光环能,19.02,1.82,172237,量缩价涨,40%,量价背离：跟风不足，主力诱多，注意见顶风险。
2026-01-06,002637,赞宇科技,10.36,1.87,84930,量缩价涨,40%,量价背离：跟风不足，主力诱多，注意见顶风险。
2026-01-06,002451,摩恩电气,10.65,1.62,423378,量缩价涨,40%,量价背离：跟风不足，主力诱多，注意见顶风险。
2026-01-06,002051,中工国际,8.88,2.3,235651,量缩价涨,40%,量价背离：跟风不足，主力诱多，注意见顶风险。
2026-01-06,000650,仁和药业,6.25,2.29,1024097,量缩价涨,40%,量价背离：跟风不足，主力诱多，注意见顶风险。
2026-01-06,600730,中国高科,12.01,2.21,447639,量缩价涨,40%,量价背离：跟风不足，主力诱多，注意见顶风险。
2026-01-06,000417,合百集团,8.04,2.29,574949,量缩价涨,40%,量价背离：跟风不足，主力诱多，注意见顶风险。
2026-01-06,000593,德龙汇能,11.26,2.64,183766,量缩价涨,40%,量价背离：跟风不足，主力诱多，注意见顶风险。
2026-01-06,600638,新黄浦,6.65,2.47,219856,量缩价涨,40%,量价背离：跟风不足，主力诱多，注意见顶风险。
2026-01-06,002170,芭田股份,12.55,1.95,404302,量缩价涨,40%,量价背离：跟风不足，主力诱多，注意见顶风险。
2026-01-06,600769,祥龙电业,13.29,4.48,171293,量缩价涨,40%,量价背离：跟风不足，主力诱多，注意见顶风险。
2026-01-06,601456,国联民生,10.23,3.96,786947,量缩价涨,40%,量价背离：跟风不足，主力诱多，注意见顶风险。
2026-01-06,600312,平高电气,18.59,3.34,375724,量缩价涨,40%,量价背离：跟风不足，主力诱多，注意见顶风险。
2026-01-06,002347,泰尔股份,13.42,2.13,2179062,量缩价涨,40%,量价背离：跟风不足，主力诱多，注意见顶风险。
2026-01-06,600531,豫光金铅,12.94,2.78,1197684,量缩价涨,40%,量价背离：跟风不足，主力诱多，注意见顶风险。
2026-01-06,600755,厦门国贸,7.15,1.71,1121035,量缩价涨,40%,量价背离：跟风不足，主力诱多，注意见顶风险。
2026-01-06,002659,凯文教育,6.2,2.99,615973,量缩价涨,40%,量价背离：跟风不足，主力诱多，注意见顶风险。
2026-01-06,600595,中孚实业,8.45,2.67,928669,量缩价涨,40%,量价背离：跟风不足，主力诱多，注意见顶风险。
2026-01-06,002969,嘉美包装,15.07,10.0,1142570,量缩价涨,40%,量价背离：跟风不足，主力诱多，注意见顶风险。
2026-01-06,600848,上海临港,11.73,2.18,372667,量缩价涨,40%,量价背离：跟风不足，主力诱多，注意见顶风险。
2026-01-06,603278,大业股份,16.54,2.73,1104287,量缩价涨,40%,量价背离：跟风不足，主力诱多，注意见顶风险。
2026-01-06,000425,徐工机械,11.76,1.91,774855,量缩价涨,40%,量价背离：跟风不足，主力诱多，注意见顶风险。
2026-01-06,605336,帅丰电器,16.29,1.62,48827,量缩价涨,40%,量价背离：跟风不足，主力诱多，注意见顶风险。
2026-01-06,601155,新城控股,14.8,1.93,131113,量缩价涨,40%,量价背离：跟风不足，主力诱多，注意见顶风险。
2026-01-06,002772,众兴菌业,14.66,2.3,101938,量缩价涨,40%,量价背离：跟风不足，主力诱多，注意见顶风险。
2026-01-06,000155,川能动力,12.45,2.22,468527,量缩价涨,40%,量价背离：跟风不足，主力诱多，注意见顶风险。
2026-01-06,600257,大湖股份,6.71,1.51,374112,量缩价涨,40%,量价背离：跟风不足，主力诱多，注意见顶风险。
2026-01-06,600481,双良节能,6.56,2.34,892841,量缩价涨,40%,量价背离：跟风不足，主力诱多，注意见顶风险。
2026-01-06,600230,沧州大化,16.64,9.98,282358,量缩价涨,40%,量价背离：跟风不足，主力诱多，注意见顶风险。
2026-01-06,600268,国电南自,10.92,1.58,245358,量缩价涨,40%,量价背离：跟风不足，主力诱多，注意见顶风险。
2026-01-06,000065,北方国际,12.08,1.6,248194,量缩价涨,40%,量价背离：跟风不足，主力诱多，注意见顶风险。
2026-01-06,600775,南京熊猫,14.78,9.97,62068,量缩价涨,40%,量价背离：跟风不足，主力诱多，注意见顶风险。
2026-01-06,002107,沃华医药,6.81,3.34,291475,量缩价涨,40%,量价背离：跟风不足，主力诱多，注意见顶风险。
2026-01-06,603408,建霖家居,13.26,1.84,53047,量缩价涨,40%,量价背离：跟风不足，主力诱多，注意见顶风险。
2026-01-06,002121,科陆电子,8.08,2.54,377439,量缩价涨,40%,量价背离：跟风不足，主力诱多，注意见顶风险。
2026-01-06,002836,新宏泽,16.69,10.02,95863,量缩价涨,40%,量价背离：跟风不足，主力诱多，注意见顶风险。
2026-01-06,600026,中远海能,12.0,2.65,519752,量缩价涨,40%,量价背离：跟风不足，主力诱多，注意见顶风险。
2026-01-06,000917,电广传媒,11.42,4.96,1453366,量缩价涨,40%,量价背离：跟风不足，主力诱多，注意见顶风险。
2026-01-06,002010,传化智联,6.2,1.97,722211,量缩价涨,40%,量价背离：跟风不足，主力诱多，注意见顶风险。
2026-01-06,603233,大参林,18.04,1.58,69955,量缩价涨,40%,量价背离：跟风不足，主力诱多，注意见顶风险。
2026-01-06,603717,天域生物,7.81,1.69,80076,量缩价涨,40%,量价背离：跟风不足，主力诱多，注意见顶风险。
2026-01-06,002201,九鼎新材,11.17,2.1,810898,量缩价涨,40%,量价背离：跟风不足，主力诱多，注意见顶风险。
2026-01-06,002565,顺灏股份,18.44,4.12,3315743,量缩价涨,40%,量价背离：跟风不足，主力诱多，注意见顶风险。
2026-01-06,600397,江钨装备,7.69,2.53,257275,量缩价涨,40%,量价背离：跟风不足，主力诱多，注意见顶风险。
2026-01-06,000703,恒逸石化,10.75,3.37,637503,量缩价涨,40%,量价背离：跟风不足，主力诱多，注意见顶风险。
2026-01-06,600435,北方导航,18.02,10.01,1252150,量缩价涨,40%,量价背离：跟风不足，主力诱多，注意见顶风险。
2026-01-06,000881,中广核技,9.16,1.55,254818,量缩价涨,40%,量价背离：跟风不足，主力诱多，注意见顶风险。
2026-01-06,000630,铜陵有色,5.92,1.72,5828521,量缩价涨,40%,量价背离：跟风不足，主力诱多，注意见顶风险。
2026-01-06,002519,银河电子,7.84,9.96,638193,量缩价涨,40%,量价背离：跟风不足，主力诱多，注意见顶风险。
2026-01-06,603886,元祖股份,13.77,2.23,78194,量缩价涨,40%,量价背离：跟风不足，主力诱多，注意见顶风险。
2026-01-06,601857,中国石油,10.27,1.99,1883382,量缩价涨,40%,量价背离：跟风不足，主力诱多，注意见顶风险。
2026-01-06,000554,泰山石油,6.68,1.83,294189,量缩价涨,40%,量价背离：跟风不足，主力诱多，注意见顶风险。
2026-01-06,002195,岩山科技,8.58,10.0,714489,量缩价涨,40%,量价背离：跟风不足，主力诱多，注意见顶风险。
2026-01-06,000811,冰轮环境,16.94,-9.12,911256,量增价跌,0%,恐慌抛售：主力清仓，不可抄底。
2026-01-06,600719,大连热电,6.32,-4.39,238588,量增价跌,0%,恐慌抛售：主力清仓，不可抄底。
2026-01-06,002833,弘亚数控,16.45,-0.06,48802,高位量增价平,0%,绝命信号：主力高位对倒出货，坚决撤离。
2026-01-06,002169,智光电气,11.48,-2.38,779615,量增价跌,0%,恐慌抛售：主力清仓，不可抄底。
2026-01-06,002591,恒大高新,7.0,-4.24,626094,量增价跌,0%,恐慌抛售：主力清仓，不可抄底。
2026-01-06,603903,中持股份,13.63,-3.81,222306,量增价跌,0%,恐慌抛售：主力清仓，不可抄底。
2026-01-06,600916,中国黄金,8.2,0.49,222366,高位量增价平,0%,绝命信号：主力高位对倒出货，坚决撤离。
2026-01-06,002072,凯瑞德,7.93,-0.38,256023,高位量增价平,0%,绝命信号：主力高位对倒出货，坚决撤离。
2026-01-06,002735,王子新材,19.17,-3.33,1075637,量增价跌,0%,恐慌抛售：主力清仓，不可抄底。
2026-01-06,002334,英威腾,9.03,0.11,256559,高位量增价平,0%,绝命信号：主力高位对倒出货，坚决撤离。
2026-01-06,600582,天地科技,5.91,0.34,386999,高位量增价平,0%,绝命信号：主力高位对倒出货，坚决撤离。
2026-01-06,600693,东百集团,17.88,-2.77,1725481,量增价跌,0%,恐慌抛售：主力清仓，不可抄底。
2026-01-06,000592,平潭发展,14.49,-4.86,4055873,量增价跌,0%,恐慌抛售：主力清仓，不可抄底。
2026-01-06,600350,山东高速,9.44,-2.18,98391,量增价跌,0%,恐慌抛售：主力清仓，不可抄底。
2026-01-06,603878,武进不锈,8.02,-3.72,453140,量增价跌,0%,恐慌抛售：主力清仓，不可抄底。
2026-01-06,002715,登云股份,15.57,-10.0,165313,量增价跌,0%,恐慌抛售：主力清仓，不可抄底。
2026-01-06,002283,天润工业,6.3,0.32,162298,高位量增价平,0%,绝命信号：主力高位对倒出货，坚决撤离。
2026-01-06,003025,思进智能,14.28,-0.14,44992,高位量增价平,0%,绝命信号：主力高位对倒出货，坚决撤离。
2026-01-06,000586,汇源通信,13.23,-2.51,85291,量增价跌,0%,恐慌抛售：主力清仓，不可抄底。
2026-01-06,002823,凯中精密,16.22,0.12,63354,高位量增价平,0%,绝命信号：主力高位对倒出货，坚决撤离。
2026-01-06,600007,中国国贸,19.8,0.1,27352,高位量增价平,0%,绝命信号：主力高位对倒出货，坚决撤离。
2026-01-06,000795,英洛华,10.12,0.4,154946,高位量增价平,0%,绝命信号：主力高位对倒出货，坚决撤离。
2026-01-06,600133,东湖高新,9.21,0.44,215899,高位量增价平,0%,绝命信号：主力高位对倒出货，坚决撤离。
2026-01-06,002696,百洋股份,7.09,-2.48,288806,量增价跌,0%,恐慌抛售：主力清仓，不可抄底。
2026-01-06,002598,山东章鼓,9.41,-2.18,419612,量增价跌,0%,恐慌抛售：主力清仓，不可抄底。
2026-01-06,002101,广东鸿图,12.48,0.4,98508,高位量增价平,0%,绝命信号：主力高位对倒出货，坚决撤离。
2026-01-06,003039,顺控发展,16.99,-3.03,513986,量增价跌,0%,恐慌抛售：主力清仓，不可抄底。
2026-01-06,601512,中新集团,9.51,-3.94,255506,量增价跌,0%,恐慌抛售：主力清仓，不可抄底。
